keyword,category
777손톱깎이,화장품/미용
age20's팩트,화장품/미용
ahc선스틱,화장품/미용
aztk블러셔,화장품/미용
egf재생크림,화장품/미용
mts롤러,화장품/미용
pdrn,화장품/미용
pdrn앰플,화장품/미용
ts샴푸,화장품/미용
vdl파운데이션,화장품/미용
가희멀티밤,화장품/미용
가히멀티밤B,화장품/미용
고보습바디로션,화장품/미용
고운발,화장품/미용
고체향수,화장품/미용
공스킨,화장품/미용
공주부양샴푸,화장품/미용
괄사,화장품/미용
구쓰리,화장품/미용
그래비티샴푸,화장품/미용
글리세린,화장품/미용
금목서향수,화장품/미용
기미크림,화장품/미용
김정문알로에B,화장품/미용
김지민재생크림,화장품/미용
꾸셀컨실러펜슬,화장품/미용
나스B,화장품/미용
나스블러셔B,화장품/미용
나스컨실러B,화장품/미용
나스쿠션B,화장품/미용
나이아신아마이드,화장품/미용
남성화장품,화장품/미용
남자로션,화장품/미용
남자스킨로션,화장품/미용
남자향수,화장품/미용
남자화장품,화장품/미용
넛세린B,화장품/미용
네일팁,화장품/미용
넥크림,화장품/미용
노글루속눈썹,화장품/미용
노워시트리트먼트,화장품/미용
논픽션핸드크림B,화장품/미용
눅스오일B,화장품/미용
눈썹펜슬,화장품/미용
뉴스킨미스트B,화장품/미용
뉴트로지나바디로션B,화장품/미용
뉴트로지나핸드크림B,화장품/미용
니베아립밤B,화장품/미용
니베아바디로션B,화장품/미용
다니엘트루스,화장품/미용
다니엘트루스밤쉘,화장품/미용
닥터그루트샴푸B,화장품/미용
닥터란달걀샴푸,화장품/미용
닥터브로너스B,화장품/미용
닥터지달팽이크림B,화장품/미용
닥터지선크림B,화장품/미용
닥터지수분크림B,화장품/미용
닥터지폼클렌징B,화장품/미용
닥터포헤어샴푸B,화장품/미용
달바B,화장품/미용
달바미스트B,화장품/미용
달바미스트세럼B,화장품/미용
달바선크림B,화장품/미용
달팽이크림,화장품/미용
당근패드,화장품/미용
더마비바디로션B,화장품/미용
더마픽스콜라겐팩,화장품/미용
더샘컨실러B,화장품/미용
도미나스크림B,화장품/미용
도미나크림,화장품/미용
도브바디로션B,화장품/미용
도브바디스크럽B,화장품/미용
도브바디워시B,화장품/미용
도브비누B,화장품/미용
도브센서티브바B,화장품/미용
독도토너,화장품/미용
동국제약마데카크림B,화장품/미용
동아제약멜라논크림,화장품/미용
드라이샴푸,화장품/미용
디올립글로우B,화장품/미용
디올립밤B,화장품/미용
디올립스틱B,화장품/미용
디올쿠션B,화장품/미용
디올파운데이션B,화장품/미용
디올하이라이터B,화장품/미용
디올향수B,화장품/미용
디올홀리데이2025B,화장품/미용
딥디크오르페옹,화장품/미용
딥디크플레르드뽀,화장품/미용
딥디크향수,화장품/미용
때비누,화장품/미용
라곰폼클렌징,화장품/미용
라로슈포제B,화장품/미용
라로슈포제b5B,화장품/미용
라메르쿠션,화장품/미용
라보에이치샴푸,화장품/미용
라부르켓립밤,화장품/미용
라셀턴,화장품/미용
라셀턴발톱세럼,화장품/미용
랑방향수B,화장품/미용
랑콤선크림B,화장품/미용
랑콤홀리데이2025B,화장품/미용
러브젤,화장품/미용
레브론파운데이션B,화장품/미용
레티놀,화장품/미용
려샴푸,화장품/미용
로라메르시에B,화장품/미용
로라메르시에진저B,화장품/미용
로라메르시에하이라이터B,화장품/미용
로레알염색약B,화장품/미용
로마샴푸,화장품/미용
로션,화장품/미용
록시땅B,화장품/미용
록시땅핸드크림B,화장품/미용
롤빗,화장품/미용
롬앤B,화장품/미용
르라보어나더13,화장품/미용
리들샷,화장품/미용
리터니티율무팩,화장품/미용
리프팅밴드,화장품/미용
릴리바이레드,화장품/미용
립밤,화장품/미용
립밤추천,화장품/미용
립스틱,화장품/미용
립스틱추천,화장품/미용
마녀공장클렌징오일B,화장품/미용
마데카크림,화장품/미용
마스카라,화장품/미용
마스크팩,화장품/미용
마유크림,화장품/미용
매니큐어,화장품/미용
맥,화장품/미용
맥립밤,화장품/미용
맥립스틱,화장품/미용
맥스클리닉,화장품/미용
맥주효모샴푸,화장품/미용
맥파우더키스립스틱,화장품/미용
메노킨,화장품/미용
메노킨버블팩,화장품/미용
메디올염색약B,화장품/미용
메디힐마스크팩B,화장품/미용
메이크업포에버B,화장품/미용
메이크업포에버파우더B,화장품/미용
메이크프렘클렌징밀크,화장품/미용
메종마르지엘라향수,화장품/미용
메종프란시스커정,화장품/미용
멜라논크림,화장품/미용
멜라논크림동아제약,화장품/미용
멜라토닝크림,화장품/미용
면봉,화장품/미용
모공앰플,화장품/미용
모공프라이머,화장품/미용
모델링팩,화장품/미용
모로칸오일B,화장품/미용
무기자차선크림,화장품/미용
물염색,화장품/미용
미간주름패치,화장품/미용
미샤글로우스킨밤B,화장품/미용
미스트,화장품/미용
미용가위,화장품/미용
미용앞치마,화장품/미용
밀본염색약B,화장품/미용
밍키볼륨,화장품/미용
바디로션,화장품/미용
바디로션추천,화장품/미용
바디스크럽,화장품/미용
바디오일,화장품/미용
바디워시,화장품/미용
바비브라운립밤B,화장품/미용
바세린B,화장품/미용
바세린립밤B,화장품/미용
바세린립스틱B,화장품/미용
바세린립테라피B,화장품/미용
바세린바디로션B,화장품/미용
바이레도블랑쉬B,화장품/미용
바이레도핸드크림B,화장품/미용
바이브랩,화장품/미용
바이아우어샴푸,화장품/미용
바이오더마B,화장품/미용
바이오더마립밤B,화장품/미용
바이오더마에센스로션B,화장품/미용
바이오더마인텐시브밤B,화장품/미용
바이오더마클렌징워터B,화장품/미용
바이오더마토너B,화장품/미용
바이오던스콜라겐팩,화장품/미용
발을씻자,화장품/미용
버츠비립밤B,화장품/미용
베르사체향수B,화장품/미용
보나메두사,화장품/미용
보나메두사미니,화장품/미용
보나메두사프라이머,화장품/미용
보로탈코,화장품/미용
보로탈코바디크림,화장품/미용
보스티나염색제,화장품/미용
본에스티스다이아몬드,화장품/미용
불가리향수B,화장품/미용
블러셔,화장품/미용
블레파졸,화장품/미용
블리스텍스립밤,화장품/미용
비누,화장품/미용
비듬샴푸,화장품/미용
비디비치쿠션,화장품/미용
비반콴트망카,화장품/미용
비비크림,화장품/미용
비쏠르동안크림,화장품/미용
비오템옴므B,화장품/미용
비욘드바디로션B,화장품/미용
비욘드핸드크림B,화장품/미용
비판톨립크림,화장품/미용
빈느광채쿠션,화장품/미용
산타마리아노벨라B,화장품/미용
새치염색약,화장품/미용
새치커버,화장품/미용
새치커버스틱,화장품/미용
샤넬립밤B,화장품/미용
샤넬립스틱B,화장품/미용
샤넬샤워젤B,화장품/미용
샤넬쿠션B,화장품/미용
샤넬핸드크림B,화장품/미용
샤넬향수B,화장품/미용
샴푸,화장품/미용
샴푸추천,화장품/미용
선스틱,화장품/미용
선크림,화장품/미용
설화수B,화장품/미용
설화수세트B,화장품/미용
설화수아이크림B,화장품/미용
설화수윤조에센스B,화장품/미용
설화수자음2종B,화장품/미용
설화수자음생크림B,화장품/미용
설화수쿠션B,화장품/미용
설화수클렌징오일B,화장품/미용
설화수클렌징폼B,화장품/미용
설화수탄력크림B,화장품/미용
설화수퍼펙팅쿠션B,화장품/미용
세멘잘라이트,화장품/미용
세수비누,화장품/미용
세타필B,화장품/미용
세타필로션B,화장품/미용
세타필바디로션B,화장품/미용
세타필크림B,화장품/미용
세포랩,화장품/미용
세포랩바이오제닉,화장품/미용
세포랩에센스,화장품/미용
센카퍼펙트휩B,화장품/미용
센카폼클렌징B,화장품/미용
셀폰즈녹는실앰플B,화장품/미용
셀퓨전씨비비B,화장품/미용
셀퓨전씨선크림B,화장품/미용
셀프속눈썹펌,화장품/미용
속눈썹,화장품/미용
속눈썹영양제,화장품/미용
속눈썹펌,화장품/미용
손세정제,화장품/미용
손톱깎이,화장품/미용
손톱영양제,화장품/미용
솔트크림,화장품/미용
수분크림,화장품/미용
수제네일팁,화장품/미용
순수염색약,화장품/미용
쉐이빙폼,화장품/미용
스킨,화장품/미용
스킨수티컬즈B,화장품/미용
스킨푸드B,화장품/미용
시세이도염색약B,화장품/미용
시세이도파운데이션B,화장품/미용
실크테라피B,화장품/미용
실크테라피헤어에센스B,화장품/미용
썬스틱,화장품/미용
썬크림,화장품/미용
씨드비물염색,화장품/미용
아누아B,화장품/미용
아로마오일,화장품/미용
아로셀,화장품/미용
아로셀마스크팩,화장품/미용
아르마니파운데이션,화장품/미용
아모스샴푸B,화장품/미용
아모스컬링에센스B,화장품/미용
아베다브러쉬B,화장품/미용
아베다샴푸B,화장품/미용
아비노바디로션B,화장품/미용
아이깨끗해B,화장품/미용
아이깨끗해리필B,화장품/미용
아이라이너,화장품/미용
아이브로우펜슬,화장품/미용
아이섀도우,화장품/미용
아이오페레티놀B,화장품/미용
아이오페슈퍼바이탈B,화장품/미용
아이오페슈퍼바이탈크림B,화장품/미용
아이크림,화장품/미용
아이크림추천,화장품/미용
아이패치,화장품/미용
아쿠아디파르마B,화장품/미용
아토베리어365크림,화장품/미용
아토베리어크림,화장품/미용
아트릭스핸드크림,화장품/미용
안나수이향수B,화장품/미용
안티트로샴푸,화장품/미용
알로에수딩젤,화장품/미용
알페신카페인샴푸,화장품/미용
약산성샴푸,화장품/미용
약산성폼클렌징,화장품/미용
에르메스향수,화장품/미용
에센스,화장품/미용
에스네이처수분크림,화장품/미용
에스트라B,화장품/미용
에스트라아토베리어B,화장품/미용
에스트라크림B,화장품/미용
에스티로더B,화장품/미용
에스티로더갈색병B,화장품/미용
에스티로더더블웨어B,화장품/미용
에스티로더파운데이션B,화장품/미용
에스티로더퓨처리스트B,화장품/미용
에이지20s팩트,화장품/미용
에이지투웨니스B,화장품/미용
엘렌실라달팽이크림,화장품/미용
엘리자베스아덴B,화장품/미용
엘리자베스아덴립밤B,화장품/미용
엘리자베스아덴에잇아워B,화장품/미용
여성청결제,화장품/미용
연작베이스프렙,화장품/미용
염색샴푸,화장품/미용
염색약,화장품/미용
오쏘타민앰플,화장품/미용
오휘기초세트B,화장품/미용
우르오스B,화장품/미용
우르오스올인원B,화장품/미용
웨이크메이크B,화장품/미용
웰라염색약B,화장품/미용
웰라쥬B,화장품/미용
웰라쥬앰플B,화장품/미용
유레아크림,화장품/미용
유리아쥬롬앤B,화장품/미용
유리아쥬립밤B,화장품/미용
유리아크림,화장품/미용
유세라블아이크림,화장품/미용
유세린나이트크림B,화장품/미용
유세린아이크림B,화장품/미용
유스트,화장품/미용
유스트에델바이스,화장품/미용
윤조에센스,화장품/미용
율무팩,화장품/미용
이사마야블러셔,화장품/미용
이솝핸드워시B,화장품/미용
이솝핸드크림B,화장품/미용
이어셀,화장품/미용
이자녹스쿠션B,화장품/미용
이지듀B,화장품/미용
이지듀기미앰플B,화장품/미용
이지듀기미쿠션B,화장품/미용
인셀덤B,화장품/미용
인셀덤비비B,화장품/미용
인셀덤선크림B,화장품/미용
인셀덤쿠션B,화장품/미용
인셀덤크림B,화장품/미용
인셀덤화장품B,화장품/미용
일리윤B,화장품/미용
일리윤바디로션B,화장품/미용
일리윤바디워시B,화장품/미용
일리윤수분크림B,화장품/미용
입생로랑립스틱B,화장품/미용
입생로랑쿠션B,화장품/미용
입생로랑쿠션리필B,화장품/미용
입생로랑틴트B,화장품/미용
입생로랑향수B,화장품/미용
입욕제,화장품/미용
자빈드서울쿠션,화장품/미용
자석젤,화장품/미용
자석젤네일,화장품/미용
자음생크림,화장품/미용
자작나무수분선크림,화장품/미용
자작나무수분크림,화장품/미용
재생크림,화장품/미용
재생크림추천,화장품/미용
정샘물B,화장품/미용
정샘물물크림B,화장품/미용
정샘물미스트B,화장품/미용
정샘물스킨누더B,화장품/미용
정샘물스킨누더쿠션B,화장품/미용
정샘물쿠션B,화장품/미용
제니하우스염색약,화장품/미용
제로이드B,화장품/미용
제로이드mdB,화장품/미용
젤네일,화장품/미용
조말론B,화장품/미용
조말론핸드크림B,화장품/미용
조말론향수B,화장품/미용
조선미녀선크림,화장품/미용
지루성두피염샴푸,화장품/미용
질세정제,화장품/미용
참존콘트롤크림B,화장품/미용
챕스틱,화장품/미용
철벽녀쿠션,화장품/미용
카밀핸드크림B,화장품/미용
캔메이크파우더,화장품/미용
컨실러,화장품/미용
컬링에센스,화장품/미용
컬크림,화장품/미용
케라스타즈B,화장품/미용
케라시스샴푸B,화장품/미용
케이트립몬스터,화장품/미용
코팩,화장품/미용
콜라겐마스크팩,화장품/미용
콜라겐크림,화장품/미용
쿠션,화장품/미용
쿠션팩트,화장품/미용
큐티클오일,화장품/미용
크리드어벤투스B,화장품/미용
크림,화장품/미용
클라랑스넥크림,화장품/미용
클렌징밀크,화장품/미용
클렌징오일,화장품/미용
클렌징워터,화장품/미용
클렌징티슈,화장품/미용
클렌징폼,화장품/미용
클리오킬커버쿠션B,화장품/미용
키엘수분크림B,화장품/미용
킬리안엔젤스쉐어,화장품/미용
타투스티커,화장품/미용
탈모샴푸,화장품/미용
탈모앰플,화장품/미용
탬버린즈핸드크림B,화장품/미용
토너,화장품/미용
토니모리겟잇틴트B,화장품/미용
토리든마스크팩B,화장품/미용
토리든세럼B,화장품/미용
톤업선크림,화장품/미용
톤업크림,화장품/미용
톰포드향수B,화장품/미용
트라넥삼산,화장품/미용
트리코닉스샴푸,화장품/미용
트리코엑스샴푸,화장품/미용
트리트먼트,화장품/미용
티르티르쿠션,화장품/미용
티엘라바디크림,화장품/미용
티트리오일,화장품/미용
틴트,화장품/미용
파우더팩트,화장품/미용
파운데이션,화장품/미용
페리페라블러셔B,화장품/미용
페이스오일,화장품/미용
포포크림,화장품/미용
폴미첼스프레이B,화장품/미용
폼클렌징,화장품/미용
풋크림,화장품/미용
프라다립밤B,화장품/미용
프라이머,화장품/미용
프레시안밀키모카,화장품/미용
플라워노즈,화장품/미용
피몽쉐비비,화장품/미용
피지연화제,화장품/미용
피지오겔B,화장품/미용
피지오겔로션B,화장품/미용
피지오겔크림B,화장품/미용
피지오겔페이셜크림B,화장품/미용
픽시카겔,화장품/미용
필링밤,화장품/미용
필링젤,화장품/미용
하파고크림,화장품/미용
한가인기미쿠션,화장품/미용
한미유리아크림,화장품/미용
해피바스바디로션B,화장품/미용
해피바스바디워시B,화장품/미용
핸드워시,화장품/미용
핸드크림,화장품/미용
핸드크림추천,화장품/미용
핸드트리트먼트,화장품/미용
향수,화장품/미용
향수공병,화장품/미용
헤나염색약,화장품/미용
헤드스파7,화장품/미용
헤드앤숄더샴푸B,화장품/미용
헤라글로우쿠션B,화장품/미용
헤라립스틱B,화장품/미용
헤라블랙쿠션B,화장품/미용
헤라블랙쿠션리필B,화장품/미용
헤라비누B,화장품/미용
헤라선크림B,화장품/미용
헤라썬크림B,화장품/미용
헤라옴므B,화장품/미용
헤라쿠션B,화장품/미용
헤라톤업선크림B,화장품/미용
헤라파운데이션B,화장품/미용
헤어미스트,화장품/미용
헤어브러쉬B,화장품/미용
헤어스프레이,화장품/미용
헤어에센스,화장품/미용
헤어오일,화장품/미용
헤어트리트먼트,화장품/미용
헤어팩,화장품/미용
호호바오일,화장품/미용
홀리카홀리카B,화장품/미용
화이트비타스프레이,화장품/미용
화장솜,화장품/미용
흑채,화장품/미용
히스토랩B,화장품/미용
히알루론산,화장품/미용
히알루론산앰플,화장품/미용
s25,디지털가전
s25울트라,디지털가전
s25fe자급제,디지털가전
드래곤퀘스트1&2,디지털가전
스피커,디지털가전
컴퓨터스피커,디지털가전
pc스피커,디지털가전
3d프린터,디지털가전
cd플레이어,디지털가전
빔프로젝터,디지털가전
hdmi케이블,디지털가전
hud,디지털가전
tv,디지털가전
65인치tv,디지털가전
55인치tv,디지털가전
75인치tv,디지털가전
티비,디지털가전
85인치tv,디지털가전
sd카드,디지털가전
nas,디지털가전
그래픽카드,디지털가전
아크레이더스,디지털가전
컴퓨터케이스,디지털가전
헤드셋,디지털가전
게이밍헤드셋,디지털가전
ssd,디지털가전
usb,디지털가전
usb허브,디지털가전
주방후드,디지털가전
보일러,디지털가전
귀뚜라미보일러,디지털가전
캠핑난로,디지털가전
이와타니팬히터,디지털가전
부탄가스난로,디지털가전
가스난로,디지털가전
발뮤다가습기필터B,디지털가전
가열식가습기,디지털가전
조지루시가습기B,디지털가전
월광보합,디지털가전
폴드7케이스,디지털가전
플립7케이스,디지털가전
z플립7케이스,디지털가전
갤럭시s25울트라케이스B,디지털가전
갤럭시s25케이스B,디지털가전
s25케이스,디지털가전
s25울트라케이스,디지털가전
갤럭시s24울트라케이스B,디지털가전
갤럭시z플립7케이스B,디지털가전
갤럭시폴드7케이스B,디지털가전
z플립5케이스,디지털가전
z플립6케이스,디지털가전
폴드6케이스,디지털가전
s25엣지케이스,디지털가전
갤럭시s23울트라케이스B,디지털가전
갤럭시s25엣지케이스B,디지털가전
갤럭시s25플러스케이스B,디지털가전
s24울트라케이스,디지털가전
갤럭시a16케이스B,디지털가전
포켓몬za,디지털가전
고스트오브요테이,디지털가전
고데기,디지털가전
무선고데기,디지털가전
고압세척기,디지털가전
중고폰,디지털가전
울트라대여,디지털가전
아이폰seB,디지털가전
공기청정기,디지털가전
lg공기청정기,디지털가전
삼성공기청정기B,디지털가전
세스코B,디지털가전
구강세정기,디지털가전
워터픽B,디지털가전
키캡,디지털가전
인형뽑기기계,디지털가전
일월카본매트B,디지털가전
일월전기매트B,디지털가전
한일의료기탄소매트B,디지털가전
붕어빵기계,디지털가전
군고구마기계,디지털가전
밤까는기계,디지털가전
한강라면기계,디지털가전
맥세이프카드지갑,디지털가전
몰폰북,디지털가전
안드로이드오토,디지털가전
온수매트,디지털가전
일월온수매트B,디지털가전
온수매트침대용,디지털가전
경동나비엔온수매트B,디지털가전
냉동고,디지털가전
미니냉동고,디지털가전
정수기렌탈,디지털가전
정수기렌탈가격비교,디지털가전
얼음정수기,디지털가전
노트북,디지털가전
게이밍노트북,디지털가전
삼성노트북B,디지털가전
중고노트북,디지털가전
레노버노트북B,디지털가전
갤럭시북4B,디지털가전
lg그램,디지털가전
맥북,디지털가전
노트북가방,디지털가전
노트북파우치,디지털가전
노트북거치대,디지털가전
돈풍기,디지털가전
두유제조기,디지털가전
두피마사지기,디지털가전
로게인폼,디지털가전
드라이기,디지털가전
다이슨드라이기B,디지털가전
jmw드라이기,디지털가전
헤어드라이기,디지털가전
유닉스드라이기B,디지털가전
세탁기,디지털가전
드럼세탁기,디지털가전
세탁기건조기일체형,디지털가전
삼성세탁기B,디지털가전
lg세탁기,디지털가전
미니김치냉장고,디지털가전
소형김치냉장고,디지털가전
삼성김치냉장고B,디지털가전
김치냉장고소형,디지털가전
라디에이터,디지털가전
라디오,디지털가전
라면포트,디지털가전
라벨프린터기,디지털가전
라벨프린터,디지털가전
라벨기,디지털가전
로봇청소기,디지털가전
로보락B,디지털가전
삼성로봇청소기B,디지털가전
로보락s9maxvultraB,디지털가전
로보락로봇청소기B,디지털가전
마우스패드,디지털가전
장패드,디지털가전
모니터,디지털가전
스탠바이미,디지털가전
스텐바이미,디지털가전
32인치모니터,디지털가전
스탠바이미2,디지털가전
27인치모니터,디지털가전
삼탠바이미,디지털가전
삼텐바이미,디지털가전
게이밍모니터,디지털가전
24인치모니터,디지털가전
모니터받침대,디지털가전
모니터암,디지털가전
와이파이증폭기,디지털가전
무선마우스,디지털가전
마우스,디지털가전
로지텍마우스B,디지털가전
버티컬마우스,디지털가전
mxmaster4,디지털가전
로지텍mxmaster4B,디지털가전
지슈라2,디지털가전
지슈라2c,디지털가전
게이밍마우스,디지털가전
키보드,디지털가전
독거미키보드,디지털가전
무선키보드,디지털가전
블루투스키보드,디지털가전
기계식키보드,디지털가전
커피포트,디지털가전
전기포트,디지털가전
분유포트,디지털가전
휴대용분유포트,디지털가전
전기주전자,디지털가전
티포트,디지털가전
물걸레청소기,디지털가전
미니건조기,디지털가전
미니세탁기,디지털가전
정수기,디지털가전
직수정수기,디지털가전
디지털카메라,디지털가전
a7c2,디지털가전
믹서기,디지털가전
닌자블렌더B,디지털가전
소형믹서기,디지털가전
분유쉐이커,디지털가전
에어컨,디지털가전
벽걸이에어컨,디지털가전
녹음기,디지털가전
보조배터리,디지털가전
맥세이프보조배터리,디지털가전
보조배터리20000,디지털가전
보조배터리10000,디지털가전
보풀제거기,디지털가전
케어팟가습기B,디지털가전
복합식가습기,디지털가전
오븐,디지털가전
광파오븐,디지털가전
블랙박스,디지털가전
아이나비블랙박스B,디지털가전
블루투스스피커,디지털가전
마샬스피커B,디지털가전
jbl스피커,디지털가전
블루투스이어폰,디지털가전
무선이어폰,디지털가전
버즈3프로,디지털가전
골전도이어폰,디지털가전
샥즈,디지털가전
에어팟4세대,디지털가전
에어팟프로2,디지털가전
이어폰,디지털가전
에어팟,디지털가전
버즈,디지털가전
에어팟프로3,디지털가전
버즈3,디지털가전
갤럭시버즈B,디지털가전
에어팟프로2세대,디지털가전
qcy이어폰,디지털가전
오픈형이어폰,디지털가전
에어팟프로3세대,디지털가전
버즈fe,디지털가전
헤드폰,디지털가전
소니헤드셋B,디지털가전
가스레인지,디지털가전
ms오피스B,디지털가전
사운드바,디지털가전
삼각대,디지털가전
무전기,디지털가전
신일팬히터1200B,디지털가전
신일팬히터900B,디지털가전
팬히터,디지털가전
신일팬히터300B,디지털가전
신일팬히터B,디지털가전
등유난로,디지털가전
파세코난로B,디지털가전
석유난로,디지털가전
세탁기건조기,디지털가전
삼성세탁기건조기B,디지털가전
워시타워,디지털가전
hdmi분배기,디지털가전
셀카봉,디지털가전
태블릿거치대,디지털가전
김치냉장고,디지털가전
딤채김치냉장고B,디지털가전
lg김치냉장고,디지털가전
김치냉장고스탠드,디지털가전
엘지김치냉장고,디지털가전
스팀다리미B,디지털가전
다리미,디지털가전
스팀청소기B,디지털가전
식기건조기,디지털가전
식기세척기,디지털가전
식품건조기,디지털가전
신발건조기,디지털가전
아이폰17케이스B,디지털가전
아이폰17프로케이스B,디지털가전
케이스티파이,디지털가전
아이폰케이스B,디지털가전
아이폰16프로케이스B,디지털가전
쿠쿠압력밥솥B,디지털가전
밥솥,디지털가전
전기밥솥,디지털가전
압력밥솥,디지털가전
쿠쿠밥솥B,디지털가전
인스턴트팟,디지털가전
액션캠,디지털가전
바디캠,디지털가전
lg냉장고,디지털가전
양문형냉장고,디지털가전
키친핏냉장고,디지털가전
엘지냉장고,디지털가전
중고냉장고,디지털가전
냉난방기,디지털가전
업소용청소기,디지털가전
드롱기커피머신B,디지털가전
필립스커피머신B,디지털가전
다이슨에어랩B,디지털가전
다이슨B,디지털가전
벤타가습기,디지털가전
에어프라이어,디지털가전
에어프라이기,디지털가전
연수기,디지털가전
화목난로,디지털가전
무동력팬,디지털가전
캠핑화목난로,디지털가전
와인셀러,디지털가전
와플기계,디지털가전
와플메이커,디지털가전
외장하드,디지털가전
외장ssd,디지털가전
윈도우11,디지털가전
커피그라인더,디지털가전
갤럭시핏3B,디지털가전
갤럭시워치8B,디지털가전
애플워치B,디지털가전
스마트워치,디지털가전
갤럭시워치B,디지털가전
갤럭시워치7B,디지털가전
애플워치se3B,디지털가전
갤럭시워치울트라B,디지털가전
가민포러너265,디지털가전
애플워치se2B,디지털가전
갤럭시워치8클래식B,디지털가전
애플워치11B,디지털가전
가민,디지털가전
가민포러너55,디지털가전
애플워치스트랩B,디지털가전
갤럭시워치8스트랩B,디지털가전
갤럭시워치스트랩B,디지털가전
갤럭시워치7스트랩B,디지털가전
갤럭시핏3스트랩B,디지털가전
공유기,디지털가전
로지텍키보드B,디지털가전
게이밍키보드,디지털가전
음식물처리기,디지털가전
미닉스B,디지털가전
건조기,디지털가전
lg건조기,디지털가전
삼성건조기B,디지털가전
빨래건조기,디지털가전
스타일러B,디지털가전
에어드레서,디지털가전
바리깡,디지털가전
유선이어폰,디지털가전
슈어이어폰,디지털가전
게이밍이어폰,디지털가전
c타입이어폰,디지털가전
인덕션,디지털가전
1구인덕션,디지털가전
2구인덕션,디지털가전
리코gr3,디지털가전
마이크,디지털가전
통돌이세탁기B,디지털가전
제습기,디지털가전
냉장고,디지털가전
미니냉장고,디지털가전
소형냉장고,디지털가전
삼성냉장고B,디지털가전
아이폰17B,디지털가전
갤럭시s25B,디지털가전
아이폰16프로B,디지털가전
아이폰17프로B,디지털가전
갤럭시s25울트라B,디지털가전
아이폰16B,디지털가전
아이폰15B,디지털가전
갤럭시폴드7B,디지털가전
폴드7,디지털가전
아이폰17자급제B,디지털가전
s25자급제,디지털가전
자급제폰,디지털가전
갤럭시a36자급제B,디지털가전
갤럭시s25자급제B,디지털가전
갤럭시a36B,디지털가전
아이폰17프로맥스B,디지털가전
폴더폰,디지털가전
갤럭시s25feB,디지털가전
갤럭시a16B,디지털가전
갤럭시s25플러스B,디지털가전
아이폰13미니B,디지털가전
갤럭시s24B,디지털가전
z플립7,디지털가전
갤럭시s23B,디지털가전
아이폰B,디지털가전
아이폰6sB,디지털가전
아이폰17프로자급제B,디지털가전
아이폰15프로B,디지털가전
s25fe,디지털가전
기화식가습기,디지털가전
전기그릴,디지털가전
안방그릴,디지털가전
멀티쿠커,디지털가전
전기담요,디지털가전
온열담요,디지털가전
전기면도기,디지털가전
필립스면도기B,디지털가전
브라운면도기,디지털가전
전기방석,디지털가전
쇼파전기매트,디지털가전
전기방석1인용,디지털가전
전기온수기,디지털가전
순간온수기,디지털가전
온풍기,디지털가전
욕실온풍기,디지털가전
발난로,디지털가전
화장실온풍기,디지털가전
미니온풍기,디지털가전
전기온풍기,디지털가전
온풍기1등급,디지털가전
가정용온풍기,디지털가전
전기매트,디지털가전
탄소매트,디지털가전
전기요,디지털가전
카본매트,디지털가전
귀뚜라미카본매트,디지털가전
보이로전기요,디지털가전
온열매트,디지털가전
1인용전기장판,디지털가전
드웰러탄소매트,디지털가전
보이러전기요,디지털가전
이메텍전기요,디지털가전
전기장판,디지털가전
한일전기매트B,디지털가전
한일전기장판B,디지털가전
계란찜기,디지털가전
전기히터,디지털가전
전기난로,디지털가전
오방난로,디지털가전
히터,디지털가전
난로,디지털가전
욕실히터,디지털가전
난방기,디지털가전
전동칫솔,디지털가전
전자레인지,디지털가전
전자렌지,디지털가전
저당밥솥,디지털가전
이북리더기,디지털가전
브리타정수기필터B,디지털가전
제빙기,디지털가전
미니pc,디지털가전
컴퓨터,디지털가전
조립pc,디지털가전
중고컴퓨터,디지털가전
허수아비컴퓨터,디지털가전
게이밍컴퓨터,디지털가전
도어락,디지털가전
현관문도어락,디지털가전
디지털도어락,디지털가전
게이트맨도어락,디지털가전
삼성도어락B,디지털가전
착즙기,디지털가전
유선청소기,디지털가전
진공포장기,디지털가전
위치추적기,디지털가전
창문형에어컨,디지털가전
실링팬,디지털가전
미니가습기,디지털가전
대용량가습기,디지털가전
루메나가습기B,디지털가전
엔퍼센트가습기,디지털가전
가습기추천,디지털가전
듀플렉스가습기B,디지털가전
사무실가습기,디지털가전
오아가습기B,디지털가전
무선충전기,디지털가전
맥세이프충전기,디지털가전
침구청소기,디지털가전
칫솔살균기,디지털가전
거실전기매트,디지털가전
거실전기장판,디지털가전
커피머신,디지털가전
캡슐커피머신,디지털가전
컨벡션히터,디지털가전
복합기,디지털가전
버즈3프로케이스,디지털가전
에어팟프로3케이스,디지털가전
아이패드케이스,디지털가전
버즈3케이스,디지털가전
갤럭시탭s11케이스B,디지털가전
에어팟4케이스,디지털가전
코털제거기,디지털가전
무소음키보드,디지털가전
갤럭시탭s11B,디지털가전
갤럭시탭s10feB,디지털가전
갤럭시탭B,디지털가전
갤럭시탭a9B,디지털가전
아이패드,디지털가전
태블릿,디지털가전
아이패드에어11,디지털가전
갤럭시탭s9B,디지털가전
아이패드미니,디지털가전
태블릿pc,디지털가전
아이패드11세대,디지털가전
아이패드에어,디지털가전
샤오신패드프로gt,디지털가전
갤럭시탭s11울트라B,디지털가전
턴테이블,디지털가전
lp플레이어,디지털가전
필름카메라,디지털가전
튀김기,디지털가전
토스트기,디지털가전
포토프린터,디지털가전
레이저포인터,디지털가전
메디큐브B,디지털가전
메디큐브부스터프로B,디지털가전
하이패스단말기,디지털가전
무선청소기,디지털가전
청소기,디지털가전
다이슨청소기B,디지털가전
샤크무선청소기B,디지털가전
삼성청소기B,디지털가전
삼성무선청소기B,디지털가전
미니청소기,디지털가전
화장실환풍기,디지털가전
환풍기,디지털가전
욕실환풍기,디지털가전
힘펠환풍기B,디지털가전
후방카메라,디지털가전
닌텐도스위치2B,디지털가전
닌텐도스위치B,디지털가전
닌텐도B,디지털가전
스위치2,디지털가전
닌텐도스위치oledB,디지털가전
맥세이프그립톡,디지털가전
그립톡,디지털가전
핸드폰스트랩,디지털가전
